INSERT INTO users (id, name, age) VALUES (1, 'Daenerys Targaryen', 13);
INSERT INTO users (id, name, age) VALUES (2, 'Chewbacca', 234);
INSERT INTO users (id, name, age) VALUES (3, 'Aragorn', 87);
INSERT INTO users (id, name, age) VALUES (4, 'Sherlock Holmes', 27);
INSERT INTO users (id, name, age) VALUES (5, 'Samwise Gamgee', 38);
INSERT INTO users (id, name, age) VALUES (6, 'Professor Oak', 47);
INSERT INTO users (id, name, age) VALUES (7, 'Dr. Watson', 28);
INSERT INTO users (id, name, age) VALUES (8, 'Frodo Baggins', 33);
INSERT INTO users (id, name, age) VALUES (9, 'Finn', 23);
INSERT INTO users (id, name, age) VALUES (10, 'Deadpool', 35);
INSERT INTO users (id, name, age) VALUES (11, 'Gandalf', 11000);
INSERT INTO users (id, name, age) VALUES (12, 'Hello Kitty', 40);
INSERT INTO users (id, name, age) VALUES (13, 'Rapunzel', 18);
INSERT INTO users (id, name, age) VALUES (14, 'Merida', 16);
INSERT INTO users (id, name, age) VALUES (15, 'Belle', 17);
INSERT INTO users (id, name, age) VALUES (16, 'Usagi', 14);
INSERT INTO users (id, name, age) VALUES (17, 'Daria', 15);
INSERT INTO users (id, name, age) VALUES (18, 'Rey', 19);
INSERT INTO users (id, name, age) VALUES (19, 'Leia Organa', 65);
INSERT INTO users (id, name, age) VALUES (20, 'Jon Snow', 17);

INSERT INTO projects (id, title, category, funding_goal, start_date, end_date) VALUES (1, 'A Trip to Mordor','charity', 600.00, '2018-01-01', '2018-04-01');
INSERT INTO projects (id, title, category, funding_goal, start_date, end_date) VALUES (2, 'Help Fund the Resistance','charity', 1000.00, '2017-12-15', '2018-03-27');
INSERT INTO projects (id, title, category, funding_goal, start_date, end_date) VALUES (3, 'Help Start My New Chimichanga Stand','investment', 5000.00, '2018-03-01', '2018-04-27');
INSERT INTO projects (id, title, category, funding_goal, start_date, end_date) VALUES (4, 'I need a new Hello Kitty backpack','charity', 100.00, '2018-03-15', '2018-05-18');
INSERT INTO projects (id, title, category, funding_goal, start_date, end_date) VALUES (5, 'Funds to update the library','books', 450.00, '2018-02-01', '2018-04-23');
INSERT INTO projects (id, title, category, funding_goal, start_date, end_date) VALUES (6, '221B Baker Street needs a new roof','charity', 2000.00, '2018-03-05', '2018-05-01');
INSERT INTO projects (id, title, category, funding_goal, start_date, end_date) VALUES (7, 'Festival of Lights Fund','charity', 7000.00, '2017-12-01', '2018-03-28');
INSERT INTO projects (id, title, category, funding_goal, start_date, end_date) VALUES (8, 'New Game: Choose Your Destiny','game', 1500.00, '2018-02-14', '2018-04-15');
INSERT INTO projects (id, title, category, funding_goal, start_date, end_date) VALUES (9, 'Pokemon Research Project Fund','research', 8000.00, '2018-01-15', '2018-04-01');
INSERT INTO projects (id, title, category, funding_goal, start_date, end_date) VALUES (10, 'Help me pay for dragon training','charity', 3500.00, '2017-12-23', '2018-04-12');

INSERT INTO pledges (id, amount, user_id, project_id) VALUES (1, , 1, 1);
INSERT INTO pledges (id, amount, user_id, project_id) VALUES (2, , 1, 10);
INSERT INTO pledges (id, amount, user_id, project_id) VALUES (3, , 2, 2);
INSERT INTO pledges (id, amount, user_id, project_id) VALUES (4, , 2, 3);
INSERT INTO pledges (id, amount, user_id, project_id) VALUES (5, , 3, 1);
INSERT INTO pledges (id, amount, user_id, project_id) VALUES (6, , 3, 3);
INSERT INTO pledges (id, amount, user_id, project_id) VALUES (7, , 4, 6);
INSERT INTO pledges (id, amount, user_id, project_id) VALUES (8, , 5, 1);
INSERT INTO pledges (id, amount, user_id, project_id) VALUES (9, , 5, 3);
INSERT INTO pledges (id, amount, user_id, project_id) VALUES (10, , 6, 9);
INSERT INTO pledges (id, amount, user_id, project_id) VALUES (11, , 6, 10);
INSERT INTO pledges (id, amount, user_id, project_id) VALUES (12, , 7, 5);
INSERT INTO pledges (id, amount, user_id, project_id) VALUES (13, , 7, 6);
INSERT INTO pledges (id, amount, user_id, project_id) VALUES (14, , 8, 1);
INSERT INTO pledges (id, amount, user_id, project_id) VALUES (15, , 9, 2);
INSERT INTO pledges (id, amount, user_id, project_id) VALUES (16, , 10, 3);
INSERT INTO pledges (id, amount, user_id, project_id) VALUES (17, , 10, 4);
INSERT INTO pledges (id, amount, user_id, project_id) VALUES (18, , 11, 1);
INSERT INTO pledges (id, amount, user_id, project_id) VALUES (19, , 12, 4);
INSERT INTO pledges (id, amount, user_id, project_id) VALUES (20, , 13, 7);
INSERT INTO pledges (id, amount, user_id, project_id) VALUES (21, , 13, 8);
INSERT INTO pledges (id, amount, user_id, project_id) VALUES (22, , 14, 8);
INSERT INTO pledges (id, amount, user_id, project_id) VALUES (23, , 15, 5);
INSERT INTO pledges (id, amount, user_id, project_id) VALUES (24, , 16, 4);
INSERT INTO pledges (id, amount, user_id, project_id) VALUES (25, , 16, 7);
INSERT INTO pledges (id, amount, user_id, project_id) VALUES (26, , 17, 5);
INSERT INTO pledges (id, amount, user_id, project_id) VALUES (27, , 18, 2);
INSERT INTO pledges (id, amount, user_id, project_id) VALUES (28, , 19, 2);
INSERT INTO pledges (id, amount, user_id, project_id) VALUES (29, , 20, 1);
INSERT INTO pledges (id, amount, user_id, project_id) VALUES (30, , 20, 10);
